BEGIN TRANSACTION;
CREATE TABLE Companies (ID INTEGER PRIMARY KEY AUTOINCREMENT, Name TEXT);
INSERT INTO "Companies" VALUES(1,'ABC Corporation');
INSERT INTO "Companies" VALUES(2,'XYZ Industries');
INSERT INTO "Companies" VALUES(3,'MNO Consultancy');
INSERT INTO "Companies" VALUES(4,'PQR Bank');
INSERT INTO "Companies" VALUES(5,'LST Technology');
CREATE TABLE Education_Requirements (ID INTEGER PRIMARY KEY AUTOINCREMENT, Degree_Required TEXT, Years_Experience INTEGER);
INSERT INTO "Education_Requirements" VALUES(1,'Bachelor''s degree',2);
INSERT INTO "Education_Requirements" VALUES(2,'Master''s degree',3);
INSERT INTO "Education_Requirements" VALUES(3,'PhD',5);
INSERT INTO "Education_Requirements" VALUES(4,'Bachelor''s degree',1);
INSERT INTO "Education_Requirements" VALUES(5,'Associate degree',0);
CREATE TABLE JobPostings (ID INTEGER PRIMARY KEY AUTOINCREMENT, CompanyID INTEGER REFERENCES Companies(ID) ON DELETE CASCADE, LocationID INTEGER REFERENCES Locations(ID), Title TEXT, Description TEXT, Roles TEXT, Data TEXT, FOREIGN KEY (LocationID) REFERENCES Locations(ID));
INSERT INTO "JobPostings" VALUES(1,1,1,'Economist - Demographics Analyst','Analyze demographic trends for economic forecasting.','Economist','Demographics');
INSERT INTO "JobPostings" VALUES(2,2,2,'Economist - Market Researcher','Conduct market research and analyze economic indicators.','Economist','Market');
INSERT INTO "JobPostings" VALUES(3,3,3,'Statistician - Demographics Expert','Apply statistical methods to study demographic patterns.','Statistician','Demographics');
INSERT INTO "JobPostings" VALUES(4,4,4,'Statistician - Financial Analyst','Use statistics to assess financial risks and opportunities.','Statistician','Financial');
INSERT INTO "JobPostings" VALUES(5,5,5,'Software Engineer - Full Stack Developer','Design and develop full stack software solutions.','Engineer',NULL);
CREATE TABLE Locations (ID INTEGER PRIMARY KEY AUTOINCREMENT, City TEXT, State TEXT, Country TEXT);
INSERT INTO "Locations" VALUES(1,'New York','NY','USA');
INSERT INTO "Locations" VALUES(2,'Chicago','IL','USA');
INSERT INTO "Locations" VALUES(3,'London','England','UK');
INSERT INTO "Locations" VALUES(4,'Paris','Ile-de-France','France');
INSERT INTO "Locations" VALUES(5,'Tokyo','Tokyo','Japan');
DELETE FROM "sqlite_sequence";
INSERT INTO "sqlite_sequence" VALUES('Companies',5);
INSERT INTO "sqlite_sequence" VALUES('Locations',5);
INSERT INTO "sqlite_sequence" VALUES('Education_Requirements',5);
INSERT INTO "sqlite_sequence" VALUES('JobPostings',5);
COMMIT;
