BEGIN TRANSACTION;
CREATE TABLE Enrollments (EnrollmentID INTEGER PRIMARY KEY AUTOINCREMENT, StudentID INTEGER, ProgramID INTEGER, FOREIGN KEY(StudentID) REFERENCES Students(StudentID), FOREIGN KEY(ProgramID) REFERENCES Programs(ProgramID));
INSERT INTO "Enrollments" VALUES(1,1,6);
INSERT INTO "Enrollments" VALUES(2,2,7);
INSERT INTO "Enrollments" VALUES(3,3,8);
INSERT INTO "Enrollments" VALUES(4,4,9);
INSERT INTO "Enrollments" VALUES(5,5,10);
CREATE TABLE "Grades" (GradeID INTEGER PRIMARY KEY AUTOINCREMENT, EnrollmentID INTEGER, Grades REAL, CourseName TEXT, FOREIGN KEY(EnrollmentID) REFERENCES Enrollments(EnrollmentID));
INSERT INTO "Grades" VALUES(1,1,3.5,'Algebra I');
INSERT INTO "Grades" VALUES(2,2,3.7,'Literature II');
INSERT INTO "Grades" VALUES(3,3,3.2,'Biology III');
INSERT INTO "Grades" VALUES(4,4,3.8,'World History IV');
INSERT INTO "Grades" VALUES(5,5,3.1,'Physical Education V');
CREATE TABLE Programs (ProgramID INTEGER PRIMARY KEY AUTOINCREMENT, Name TEXT);
INSERT INTO "Programs" VALUES(1,'Mathematics');
INSERT INTO "Programs" VALUES(2,'English Literature');
INSERT INTO "Programs" VALUES(3,'Biology');
INSERT INTO "Programs" VALUES(4,'History');
INSERT INTO "Programs" VALUES(5,'Physical Education');
CREATE TABLE Students (StudentID INTEGER PRIMARY KEY AUTOINCREMENT, FirstName TEXT, LastName TEXT);
INSERT INTO "Students" VALUES(1,'John','Doe');
INSERT INTO "Students" VALUES(2,'Jane','Smith');
INSERT INTO "Students" VALUES(3,'Michael','Johnson');
INSERT INTO "Students" VALUES(4,'Emily','Williams');
INSERT INTO "Students" VALUES(5,'David','Brown');
DELETE FROM "sqlite_sequence";
INSERT INTO "sqlite_sequence" VALUES('Students',5);
INSERT INTO "sqlite_sequence" VALUES('Programs',5);
INSERT INTO "sqlite_sequence" VALUES('Enrollments',5);
INSERT INTO "sqlite_sequence" VALUES('Grades',5);
COMMIT;
